id,title,category
10235,"Rahasinwath love nokala seka | රහසින්වත් Love නොකළ සේක",Novel
10353,"ඉඩෝරයේ කුසුමක් | Idoraye Kusumak",Novel
10398,"ගිම්හානයේ කතාවක් | Gimhanaye Kathawak",Translations
10495,"තරගයේ වීරයා | Tharagaye Weeraya",Motivational
10559,"කඩවර | Kadawara - Hard Cover",Novel
10565,"එකයි භාග දෙකයි | Ekai bhaga dekai",Novel
10693,"විජය සිනමාවේදියා සහ දේශපාලනඥයා | Wijaya",Other
10699,"ධර්මසිරි සිනමාවලෝකනය | Dharmasiri Sinamawalokanaya",Other
10708,"කම්බිලි | Kambili - Hard Cover",Novel
10969,"ඇත්තටම ඒ මිදි ඇඹුල් කවි පොත් කට්ටලය | Kavi poth kattalaya",Poetry
13264,"ඇන්ස්ලම් - උරග සනුහරේ ක්ෂීරපායි ප්‍රේමවන්තයා | Anslam",Other
13360,"ඝාතකයා නිදැල්ලේ | Ghathakaya Nidalle",Translations
15141,"Padma Thatakaya , Part 2 | පද්ම තටාකය , 2 කොටස",Poetry
15380,"Siwura Saha Nagula | සිවුර සහ නගුල",History
15426,"දහසක් තරු මැද / dahasak tharu mada",Young Adult
15868,"ප්‍රින්ස්ගේ රහස් දූතයා | Prinsge rahas duuthaya",Young Adult
15871,"අවුල් ජාලාවක් වූ ප්‍රින්ස්ගේ රාත්‍රිය | Awul Jalawak wu prinsge rathriya",Young Adult
15874,"POLITY",Political
15883,"202 ක් කමටහන්",Spiritual
15898,"නුඹ නො ඒ නම් කියන්න | Numba no a nam kiyanna",Poetry
15901,"රාත්‍රිය මත රතු කුරුල්ලෙක් ලැගගෙන | Rathriya matha rathu kurullek lagagena",Poetry
15968,"මාතර මහ කැරැල්ල | Mathara Maha Karalla",History
16318,"ජනාධිපති ධූරයෙන් මා නෙරපීමේ කුමන්ත්‍රණය | Janadipathi Dhurayen Ma Nerapime Kumanthranaya - Gotabaya Rajapaksha",Political
16322,"The Conspiracy - Gotabaya Rajapaksha",Political
16402,"500 Gift Voucher",Other
16410,"1,000 Gift Voucher",Other
16413,"1,500 Gift Voucher",Other
16416,"2,000 Gift Voucher",Other
16419,"5,000 Gift Voucher",Other
16684,"Garden University Of Peradeniya  - Hard Cover",Other
16688,"සීත දේශයේ කම්බිලි | Seetha Deshaye Kambili",Translations
16719,"Love Sex &amp; Jealousy | ආදරය ලිංගිකත්වය සහ ඊර්ෂ්‍යාව",Novel
16871,"සිද්ධාර්ථ | Siddhartha",Other
18618,"වීර චූඩාමණි | Weera Chuudamani",Political
18621,"කළු පැහැති කුඩා පොත | Kalu pahathi kuda potha",Poetry
18942,"මල් පිපෙන හිරොෂිමා | Mal Pipena Hiroshima",Poetry
18949,"ප්‍රේමයේ ගිම්හානයට පසු | After the Summer of Love",Poetry
18955,"1981 යාපනය ගිනිලෑම | 1981 Yapanaya Ginilama",History
19035,"පාස්කු කොමිෂන් වාර්තාව හා අපරාධකරුවන් වසන් කිරීම | Pasku koimishan warthawa ha aparadakaruwan wasan kireema",Political
19091,"නුවරක සෙනෙහස | Nuwaraka Senehasa",Novel
19097,"රාජ්‍ය දේපල මංකොල්ල සහ ජාත්‍යන්තර කළු සලිලි ජාවාරම | Rajya Depala Mankollalla Saha Jathyanthara Kalu Salli Jawarama",Political
19189,"බටලන්දට ගිනි තැබුවෙමු | Batalandata Gini Thabuwemu",Political
23385,"කඳුළු කුණාටුව | Kandulu Kunatuwa",Novel
23655,"නිරුවත් වානරයා / Niruwath wanaraya",Translations
23803,"බේබි / Bebi / (ත්‍රිත්ව 2)",Romance
23904,"Wrapping Papers",Other
23943,"අහිමි විප්ලවය ? / Ahimi Viplawaya",Political
25509,"පුරප්පට්ටුව | Purappattuwa",Novel
30273,"දොරකඩ දෙවොල | Dorakada Dewola",Novel
30339,"ලැවෙන්ඩ්‍රා | Lavendra",Novel
30512,"MY DEAR Crush | A Flower Without A Name",Novel
30652,"හත්පෙති මල | Hathpethi Mala",Novel
30677,"සරාගික ගස්වල මලානික පත් | Saragika gaswala malanika path",Poetry
30918,"08:45",Novel
31448,"නිල් ලිට්මස් | Nil Litmus",Novel
33660,"කයාල් සර් | Kayal Sir",Novel
33664,"කුවල්‍ය | Kuwalya",Novel
33852,"භව ද්වාර | Bhawa Dwara",Novel
33855,"ශ්වේත නිද්‍රාව | Shwetha Nidrawa",Novel
33858,"පුරාවතක ශේෂ | Purawathaka Shesha",Novel
33861,"චන්ද්‍ර හෝරාව | Chandra Horawa",Novel
38511,"ටොක්සි ඩොක්සි | Toxie  Doxie",Novel
38546,"මල්කොටුවේ ගෙදර | Malkotuwe Gedara",Novel
5526,"Sherlock Holmes Wikramanwitha Athdakeem | වික්‍රමාන්විත අත්දැකීම්",Translations
6031,"Makara Rajadahana | මකර රජදහන",Children
6116,"මගේ පුංචි මාතාහාරි | Mage Punchi Mata Hari",Poetry
6184,"ශ්‍රී ලංකාවේ ඓතිහාසික ජල කළමනාකරණය | Sri Lankawe Ithihasika jala kalamanakaranaya",History
6193,"ප්‍රින්ස්ගේ සිහින ලෝකය | Prinsge Sihina Lokaya",Young Adult
6204,"ඩයනා ඇගේ කඳුළු කතාව | Diana Her True Story",Translations
6384,"101 ක් කමටහන්",Spiritual
6518,"අහම්බයකින් මිස අපි හමු නොවෙමු කිසිදා යලි | Ahambayakin misa api hamu nowemu kisida yali",Novel
6586,"අතිසාකී | Athisakie",Children
6588,"Athisakie",Children
6590,"මගේ කතාව | Mage Kathawa",Other
6678,"ඉතින් කවියනි හොඳට නින්ද යනවද රෑට ? | Ithin kawiyani hodata ninda yanawa d raata",Poetry
6682,"හැටේවත්තේ මග්දලේනා | Hatewaththe Magdalena",Poetry
6713,"අකුරු | Akuru",Other
6799,"Hadawath warak | හදවත් වරක්",Novel
6884,"Pathme Palathen Hirikada Hamagena | පත්මේ පළාතෙන් හිරිකඩ හමාගෙන",Poetry
7215,"ධූමලාවණ්‍යාගාරය | Dhoomalawanyagaraya",Poetry
7918,"ස්වෛරී | Swairee",Novel
8327,"පනාපුත්‍රගේ මතක වස්තුව | Panaputhrage Mathaka Wasthuwa",Other
8662,"දියුණුවේ මන්ත්‍ර | Diyunuwe Manthra",Motivational
8664,"බිස්නස් පිස්සුව | Business pissuwa",Motivational
9751,"මාගරට් | Magarat",Novel
9757,"ආසික්ලන්තය | Asiklanthaya",Novel
